{
  "lastfm-asia::0::10": 0.06596164303116979,
  "lastfm-asia::0::17": 0.059184844073845534,
  "lastfm-asia::0::3": 0.05896228668330106,
  "lastfm-asia::10::17": 0.05191295044668068,
  "lastfm-asia::3::17": 0.04840750211306973,
  "ml-1m::18::45": 0.05117262255037806,
  "ml-1m::18::56": 0.04108019028691776,
  "ml-1m::1::45": 0.04338301811870943,
  "ml-1m::1::56": 0.035083348214295665,
  "ml-1m::25::45": 0.05560593291035231,
  "ml-1m::25::56": 0.0448251014314297,
  "ml-1m::35::45": 0.05489025878313776,
  "ml-1m::35::56": 0.045567233408068494,
  "ml-1m::45::50": 0.05174496687647495,
  "ml-1m::45::56": 0.04451484498338545,
  "ml-1m::50::56": 0.04524536961954696
}