{
  "lastfm-asia::0::10": 1.1256142645310594,
  "lastfm-asia::0::17": 1.0011770559218323,
  "lastfm-asia::0::3": 1.2308128128528104,
  "lastfm-asia::10::17": 1.1121024300122433,
  "lastfm-asia::3::17": 1.1918148672244941,
  "ml-1m::18::45": 0.7875743355000862,
  "ml-1m::18::56": 1.1164364126125732,
  "ml-1m::1::45": 1.1695498650022385,
  "ml-1m::1::56": 1.3083881193412286,
  "ml-1m::25::45": 0.4769896908066231,
  "ml-1m::25::56": 0.8421135299189935,
  "ml-1m::35::45": 0.360556646768746,
  "ml-1m::35::56": 0.706040735049676,
  "ml-1m::45::50": 0.4799475197802825,
  "ml-1m::45::56": 0.7070678429220396,
  "ml-1m::50::56": 0.6606124935277831
}